clientmetrics;Steam.ClientMetrics
contenthubs;Steam.ContentHubs
content_manifest;Steam.ContentManifest
encrypted_app_ticket;Steam.EncryptedAppTicket
enums;Steam.Enums
enums_clientserver;Steam.EnumsClientServer
enums_productinfo;Steam.EnumsProductInfo
htmlmessages;Steam.htmlMessages
offline_ticket;Steam.OfflineTicket
rendermessages;Steam.RenderMessages
steamdatagram_messages_auth;Steam.SDGMessagesAuth
steamdatagram_messages_sdr;Steam.SDGMessagesSRD
steammessages_accounthardware.steamclient;Steam.Messages.AccountHardware
steammessages_appoverview;Steam.Messages.AppoverView
steammessages_auth.steamclient;Steam.Messages.Auth
steammessages_base;Steam.Messages.Base
steammessages_broadcast.steamclient;Steam.Messages.Boadcast
steammessages_chat.steamclient;Steam.Messages.Chat
steammessages_clientlanp2p;Steam.Messages.ClientLanP2P
steammessages_clientmetrics.steamclient;Steam.Messages.ClientMetrics
steammessages_clientnotificationtypes;Steam.Messages.ClientNotificationTypes
steammessages_clientserver;Steam.Messages.ClientServer
steammessages_clientserver_2;Steam.Messages.ClientServer2
steammessages_clientserver_appinfo;Steam.Messages.ClientServer.Appinfo
steammessages_clientserver_friends;Steam.Messages.ClientServer.Friends
steammessages_clientserver_gameservers;Steam.Messages.ClientServer.GameServers
steammessages_clientserver_lbs;Steam.Messages.ClientServer.LBS
steammessages_clientserver_login;Steam.Messages.ClientServer.Login
steammessages_clientserver_mms;Steam.Messages.ClientServer.MMS
steammessages_clientserver_ucm;Steam.Messages.ClientServer.UCM
steammessages_clientserver_uds;Steam.Messages.ClientServer.UDS
steammessages_clientserver_ufs;Steam.Messages.ClientServer.UFS
steammessages_clientserver_userstats;Steam.Messages.ClientServer.UserStats
steammessages_clientserver_video;Steam.Messages.ClientServer.Video
steammessages_clientsettings;Steam.Messages.ClientSettings
steammessages_client_objects;Steam.Messages.ClientObjects
steammessages_cloud.steamclient;Steam.Messages.Cloud
steammessages_community.steamclient;Steam.Messages.Community
steammessages_contentsystem.steamclient;Steam.Messages.ContentSystem
steammessages_credentials.steamclient;Steam.Messages.Credentials
steammessages_datapublisher.steamclient;Steam.Messages.DataPublisher
steammessages_depotbuilder.steamclient;Steam.Messages.DepotBuilder
steammessages_deviceauth.steamclient;Steam.Messages.DeviceAuth
steammessages_econ.steamclient;Steam.Messages.Econ
steammessages_familygroups.steamclient;Steam.Messages.FamilyGroups
steammessages_friendmessages.steamclient;Steam.Messages.FriendMessages
steammessages_gamenetworking.steamclient;Steam.Messages.GameNetworking
steammessages_gamenetworkingui;Steam.Messages.GameNetworkingUI
steammessages_gamenotifications.steamclient;Steam.Messages.GameNotifications
steammessages_gamerecording.steamclient;Steam.Messages.GameRecordings
steammessages_gamerecording_objects;Steam.Messages.GameRecordingObjects
steammessages_gameservers.steamclient;Steam.Messages.GameServers
steammessages_hiddevices;Steam.Messages.HIDDevices
steammessages_inventory.steamclient;Steam.Messages.Inventory
steammessages_linkfilter.steamclient;Steam.Messages.LinkFilter
steammessages_lobbymatchmaking.steamclient;Steam.Messages.LobbyMatchmaking
steammessages_market.steamclient;Steam.Messages.Market
steammessages_marketingmessages.steamclient;Steam.Messages.MarketingMessages
steammessages_notifications.steamclient;Steam.Messages.Notifications
steammessages_offline.steamclient;Steam.Messages.Offline
steammessages_parental.steamclient;Steam.Messages.Parental
steammessages_parental_objects;Steam.Messages.ParentalObjects
steammessages_parties.steamclient;Steam.Messages.Parties
steammessages_partnerapps.steamclient;Steam.Messages.PartnerApps
steammessages_player.steamclient;Steam.Messages.Player
steammessages_publishedfile.steamclient;Steam.Messages.PublishedFile
steammessages_qms.steamclient;Steam.Messages.QMS
steammessages_remoteclient;Steam.Messages.RemoteClient
steammessages_remoteclient_discovery;Steam.Messages.RemoteClient.Discovery
steammessages_remoteclient_service.steamclient;Steam.Messages.RemoteClient.Service
steammessages_remoteclient_service_messages;Steam.Messages.RemoteClient.Service.Message
steammessages_remoteplay;Steam.Messages.RemotePlay
steammessages_secrets.steamclient;Steam.Messages.Secrets
steammessages_shader.steamclient;Steam.Messages.Shader
steammessages_sitelicenseclient;Steam.Messages.SiteLicenseClient
steammessages_siteserverui;Steam.Messages.SiteServerUI
steammessages_site_license.steamclient;Steam.Messages.SiteLicense
steammessages_star.steamclient;Steam.Messages.Star
steammessages_steamtv.steamclient;Steam.Messages.SteamTV
steammessages_store.steamclient;Steam.Messages.Store
steammessages_storebrowse.steamclient;Steam.Messages.StoreBrowse
steammessages_timedtrial.steamclient;Steam.Messages.TimedTrial
steammessages_twofactor.steamclient;Steam.Messages.TwoFactor
steammessages_unified_base.steamclient;Steam.Messages.Unified.Base
steammessages_unified_test.steamclient;Steam.Messages.Unified.Test
steammessages_useraccount.steamclient;Steam.Messages.UserAccount
steammessages_vac.steamclient;Steam.Messages.VAC
steammessages_video.steamclient;Steam.Messages.Video
steammessages_virtualcontroller;Steam.Messages.VirtualController
steammessages_workshop.steamclient;Steam.Messages.Workshop
steamnetworkingsockets_messages;Steam.NetworkingSockets
steamnetworkingsockets_messages_certs;Steam.NetworkingSockets.Certs
steamnetworkingsockets_messages_udp;Steam.NetworkingSockets.UDP
webuimessages_achievements;Steam.WebUI.Achievements
webuimessages_base;Steam.WebUI.Base
webuimessages_bluetooth;Steam.WebUI.Bluetooth
webuimessages_gamenotes;Steam.WebUI.Gamenotes
webuimessages_gamerecording;Steam.WebUI.GameRecording
webuimessages_gamerecordingfiles;Steam.WebUI.GameRecordingFiles
webuimessages_gamescope;Steam.WebUI.GameScope
webuimessages_sharedjscontext;Steam.WebUI.SharedJSContext
webuimessages_steamengine;Steam.WebUI.SteamEngine
webuimessages_steaminput;Steam.WebUI.SteamInput
webuimessages_steamos;Steam.WebUI.SteamOS
webuimessages_storagedevicemanager;Steam.WebUI.StorageDeviceManager
webuimessages_systemmanager;Steam.WebUI.SystemManager
webuimessages_transport;Steam.WebUI.Transport
webuimessages_transportvalidation;Steam.WebUI.TransportValidation
webuimessages_services;Steam.WebUI.Services